6-318-316-4803Barney_Hunt6412@naiker.bizDentistBarney19/8/2084Hunt
7-766-854-6640LindsayLindsay_Rowlands3150@ubusive.comOperator9/30/3088Rowlands
Lana_Cartwright5310@tonsy.orgLanaITSupportStaff2/22/02431-152-212-2482Cartwright
Daniel_Wellington3835@twipet.comStaffingConsultantDanielWellington3/15/43562-527-341-7124
Caydence2-570-842-1858Caydence_Gosling1235@kideod.bizGoslingClerk12/15/7282
Leslie_Cadman3008@kideod.biz7/5/8411Cadman2-573-820-2762StaffingConsultantLeslie
2-657-070-7076WardHealthcareSpecialist6/21/4241Eileen_Ward5399@nickia.comEileen
Chuck_Chadwick9560@sheye.orgHRCoordinatorChadwick12/1/05000-765-186-6636Chuck
AuditorTylerTyler_Preston2357@corti.com2/27/84077-747-388-5835Preston
11/4/8663Maxwell_Tyler9131@jiman.orgMaxwell2-488-880-6217GlobalLogisticsSupervisorTyler
Wade_Russell1366@brety.orgRussell2/22/8299ITSupportStaff7-004-170-2285Wade11
5-174-286-6408Oliver_Jenkin5868@zorer.orgBakerOliver12/20/3928Jenkin
0-224-056-4737TaraTara_Shields8693@corti.comHRCoordinatorShields6/29/8323
7/16/8577FaulknerAlan6-851-428-6350CashierAlan_Faulkner2459@yahoo.com
ITSupportStaffKellyRyan2/22/22475-504-514-5481Ryan_Kelly5993@infotech44.tech
